SnP_ESG_Company,SnP_ESG_Score,SnP_ESG_Country,SnP_ESG_Industry,SnP_ESG_Ticker,ESG_environment,ESG_social,ESG_governance
NVIDIA Corporation ESG Score,61,Location: United States of America,Industry: SEM Semiconductors & Semiconductor Equipment,Ticker: NVDA,57,64,64
Apple Inc. ESG Score,45,Location: United States of America,Industry: THQ Computers & Peripherals and Office Electronics,Ticker: AAPL,54,44,37
Microsoft Corporation ESG Score,56,Location: United States of America,Industry: SOF Software,Ticker: MSFT,73,44,58
Alphabet Inc. ESG Score,47,Location: United States of America,"Industry: IMS Interactive Media, Services & Home Entertainment",Ticker: GOOGL,66,51,31
"Amazon.com, Inc. ESG Score",24,Location: United States of America,Industry: RTS Retailing,Ticker: AMZN,34,17,23
"Meta Platforms, Inc. ESG Score",30,Location: United States of America,"Industry: IMS Interactive Media, Services & Home Entertainment",Ticker: META,58,18,28
"Tesla, Inc. ESG Score",37,Location: United States of America,Industry: AUT Automobiles,Ticker: TSLA,52,23,36
Berkshire Hathaway Inc. ESG Score,15,Location: United States of America,Industry: FBN Diversified Financial Services and Capital Markets,Ticker: BRK.A,8,14,17
Broadcom Inc. ESG Score,36,Location: United States of America,Industry: SEM Semiconductors & Semiconductor Equipment,Ticker: AVGO,32,40,38
Eli Lilly and Company ESG Score,39,Location: United States of America,Industry: DRG Pharmaceuticals,Ticker: LLY,56,33,37
Walmart Inc. ESG Score,52,Location: United States of America,Industry: FDR Food & Staples Retailing,Ticker: WMT,67,36,53
JPMorgan Chase & Co. ESG Score,35,Location: United States of America,Industry: BNK Banks,Ticker: JPM,39,36,33
Visa Inc. ESG Score,57,Location: United States of America,Industry: FBN Diversified Financial Services and Capital Markets,Ticker: V,85,64,43
UnitedHealth Group Incorporated ESG Score,51,Location: United States of America,Industry: HEA Health Care Providers & Services,Ticker: UNH,58,61,38
Exxon Mobil Corporation ESG Score,38,Location: United States of America,Industry: OGX Oil & Gas Upstream & Integrated,Ticker: XOM,33,34,47
Oracle Corporation ESG Score,41,Location: United States of America,Industry: SOF Software,Ticker: ORCL,59,33,38
Mastercard Incorporated ESG Score,57,Location: United States of America,Industry: FBN Diversified Financial Services and Capital Markets,Ticker: MA,84,47,54
Costco Wholesale Corporation ESG Score,41,Location: United States of America,Industry: FDR Food & Staples Retailing,Ticker: COST,54,34,35
"The Home Depot, Inc. ESG Score",38,Location: United States of America,Industry: RTS Retailing,Ticker: HD,40,28,46
The Procter & Gamble Company ESG Score,37,Location: United States of America,Industry: HOU Household Products,Ticker: PG,51,26,37
Johnson & Johnson ESG Score,24,Location: United States of America,Industry: DRG Pharmaceuticals,Ticker: JNJ,49,23,16
Bank of America Corporation ESG Score,52,Location: United States of America,Industry: BNK Banks,Ticker: BAC,56,53,50
"Netflix, Inc. ESG Score",28,Location: United States of America,"Industry: PUB Media, Movies & Entertainment",Ticker: NFLX,36,23,32
"Salesforce, Inc. ESG Score",61,Location: United States of America,Industry: SOF Software,Ticker: CRM,71,49,68
AbbVie Inc. ESG Score,69,Location: United States of America,Industry: BTC Biotechnology,Ticker: ABBV,63,74,65
"T-Mobile US, Inc. ESG Score",49,Location: United States of America,Industry: TLS Telecommunication Services,Ticker: TMUS,64,43,47
Chevron Corporation ESG Score,41,Location: United States of America,Industry: OGX Oil & Gas Upstream & Integrated,Ticker: CVX,41,51,34
The Coca-Cola Company ESG Score,48,Location: United States of America,Industry: BVG Beverages,Ticker: KO,56,44,42
"Merck & Co., Inc. ESG Score",52,Location: United States of America,Industry: DRG Pharmaceuticals,Ticker: MRK,54,54,49
Wells Fargo & Company ESG Score,38,Location: United States of America,Industry: BNK Banks,Ticker: WFC,45,38,36
"Cisco Systems, Inc. ESG Score",67,Location: United States of America,Industry: CMT Communications Equipment,Ticker: CSCO,73,66,62
"Advanced Micro Devices, Inc. ESG Score",50,Location: United States of America,Industry: SEM Semiconductors & Semiconductor Equipment,Ticker: AMD,44,50,56
Adobe Inc. ESG Score,57,Location: United States of America,Industry: SOF Software,Ticker: ADBE,66,45,63
"PepsiCo, Inc. ESG Score",47,Location: United States of America,Industry: BVG Beverages,Ticker: PEP,53,46,41
Accenture plc ESG Score,54,Location: Ireland,Industry: TSV IT services,Ticker: ACN,68,44,55
Blackstone Inc. ESG Score,27,Location: United States of America,Industry: FBN Diversified Financial Services and Capital Markets,Ticker: BX,22,23,32
Linde plc ESG Score,79,Location: United Kingdom of Great Britain and Northern Ireland,Industry: CHM Chemicals,Ticker: LIN,87,75,72
"ServiceNow, Inc. ESG Score",57,Location: United States of America,Industry: SOF Software,Ticker: NOW,59,52,61
McDonald's Corporation ESG Score,30,Location: United States of America,Industry: REX Restaurants & Leisure Facilities,Ticker: MCD,45,19,33
Morgan Stanley ESG Score,37,Location: United States of America,Industry: FBN Diversified Financial Services and Capital Markets,Ticker: MS,50,38,33
Thermo Fisher Scientific Inc. ESG Score,50,Location: United States of America,Industry: LIF Life Sciences Tools & Services,Ticker: TMO,60,44,51
American Express Company ESG Score,44,Location: United States of America,Industry: FBN Diversified Financial Services and Capital Markets,Ticker: AXP,44,38,47
Abbott Laboratories ESG Score,64,Location: United States of America,Industry: MTC Health Care Equipment & Supplies,Ticker: ABT,66,66,60
Intuit Inc. ESG Score,46,Location: United States of America,Industry: SOF Software,Ticker: INTU,52,32,57
International Business Machines Corporation ESG Score,60,Location: United States of America,Industry: TSV IT services,Ticker: IBM,76,49,60
Texas Instruments Incorporated ESG Score,43,Location: United States of America,Industry: SEM Semiconductors & Semiconductor Equipment,Ticker: TXN,38,47,45
Philip Morris International Inc. ESG Score,74,Location: United States of America,Industry: TOB Tobacco,Ticker: PM,91,73,60
"Intuitive Surgical, Inc. ESG Score",33,Location: United States of America,Industry: MTC Health Care Equipment & Supplies,Ticker: ISRG,27,27,42
Caterpillar Inc. ESG Score,41,Location: United States of America,Industry: IEQ Machinery and Electrical Equipment,Ticker: CAT,39,43,40
"The Goldman Sachs Group, Inc. ESG Score",39,Location: United States of America,Industry: FBN Diversified Financial Services and Capital Markets,Ticker: GS,41,31,45
The Walt Disney Company ESG Score,43,Location: United States of America,"Industry: PUB Media, Movies & Entertainment",Ticker: DIS,51,36,48
QUALCOMM Incorporated ESG Score,62,Location: United States of America,Industry: SEM Semiconductors & Semiconductor Equipment,Ticker: QCOM,60,58,65
Danaher Corporation ESG Score,53,Location: United States of America,Industry: LIF Life Sciences Tools & Services,Ticker: DHR,45,54,55
Verizon Communications Inc. ESG Score,36,Location: United States of America,Industry: TLS Telecommunication Services,Ticker: VZ,37,31,42
Comcast Corporation ESG Score,32,Location: United States of America,"Industry: PUB Media, Movies & Entertainment",Ticker: CMCSA,39,26,36
Booking Holdings Inc. ESG Score,33,Location: United States of America,"Industry: TRT Hotels, Resorts & Cruise Lines",Ticker: BKNG,30,30,37
RTX Corporation ESG Score,29,Location: United States of America,Industry: ARO Aerospace & Defense,Ticker: RTX,29,42,18
Amgen Inc. ESG Score,42,Location: United States of America,Industry: BTC Biotechnology,Ticker: AMGN,48,39,44
AT&T Inc. ESG Score,59,Location: United States of America,Industry: TLS Telecommunication Services,Ticker: T,61,59,58
S&P Global Inc. ESG Score,73,Location: United States of America,Industry: FBN Diversified Financial Services and Capital Markets,Ticker: SPGI,99,58,76
"Applied Materials, Inc. ESG Score",48,Location: United States of America,Industry: SEM Semiconductors & Semiconductor Equipment,Ticker: AMAT,46,42,54
The Progressive Corporation ESG Score,29,Location: United States of America,Industry: INS Insurance,Ticker: PGR,22,16,39
"BlackRock, Inc. ESG Score",49,Location: United States of America,Industry: FBN Diversified Financial Services and Capital Markets,Ticker: BLK,43,42,57
"Lowe's Companies, Inc. ESG Score",47,Location: United States of America,Industry: RTS Retailing,Ticker: LOW,49,38,55
"NextEra Energy, Inc. ESG Score",36,Location: United States of America,Industry: ELC Electric Utilities,Ticker: NEE,42,27,39
Honeywell International Inc. ESG Score,44,Location: United States of America,Industry: IDD Industrial Conglomerates,Ticker: HON,42,50,41
"Uber Technologies, Inc. ESG Score",40,Location: United States of America,Industry: TRA Transportation and Transportation Infrastructure,Ticker: UBER,55,29,42
Pfizer Inc. ESG Score,48,Location: United States of America,Industry: DRG Pharmaceuticals,Ticker: PFE,52,44,49
Stryker Corporation ESG Score,45,Location: United States of America,Industry: MTC Health Care Equipment & Supplies,Ticker: SYK,39,43,50
Eaton Corporation plc ESG Score,48,Location: Ireland,Industry: ELQ Electrical Components & Equipment,Ticker: ETN,51,44,49
Union Pacific Corporation ESG Score,63,Location: United States of America,Industry: TRA Transportation and Transportation Infrastructure,Ticker: UNP,62,60,70
The Charles Schwab Corporation ESG Score,34,Location: United States of America,Industry: FBN Diversified Financial Services and Capital Markets,Ticker: SCHW,19,29,43
KKR & Co. Inc. ESG Score,26,Location: United States of America,Industry: FBN Diversified Financial Services and Capital Markets,Ticker: KKR,21,24,29
Palantir Technologies Inc. ESG Score,23,Location: United States of America,Industry: SOF Software,Ticker: PLTR,28,16,27
"The TJX Companies, Inc. ESG Score",36,Location: United States of America,Industry: RTS Retailing,Ticker: TJX,43,29,38
Lockheed Martin Corporation ESG Score,61,Location: United States of America,Industry: ARO Aerospace & Defense,Ticker: LMT,55,65,63
Boston Scientific Corporation ESG Score,55,Location: United States of America,Industry: MTC Health Care Equipment & Supplies,Ticker: BSX,51,57,55
Citigroup Inc. ESG Score,39,Location: United States of America,Industry: BNK Banks,Ticker: C,42,37,40
"Palo Alto Networks, Inc. ESG Score",49,Location: United States of America,Industry: SOF Software,Ticker: PANW,63,35,52
ConocoPhillips ESG Score,56,Location: United States of America,Industry: OGX Oil & Gas Upstream & Integrated,Ticker: COP,54,61,55
Vertex Pharmaceuticals Incorporated ESG Score,39,Location: United States of America,Industry: BTC Biotechnology,Ticker: VRTX,37,35,43
"Automatic Data Processing, Inc. ESG Score",40,Location: United States of America,Industry: PRO Professional Services,Ticker: ADP,46,31,49
"Fiserv, Inc. ESG Score",41,Location: United States of America,Industry: FBN Diversified Financial Services and Capital Markets,Ticker: FI,35,33,48
Bristol-Myers Squibb Company ESG Score,48,Location: United States of America,Industry: DRG Pharmaceuticals,Ticker: BMY,46,41,56
"Gilead Sciences, Inc. ESG Score",63,Location: United States of America,Industry: BTC Biotechnology,Ticker: GILD,64,68,58
"Micron Technology, Inc. ESG Score",56,Location: United States of America,Industry: SEM Semiconductors & Semiconductor Equipment,Ticker: MU,46,61,63
"NIKE, Inc. ESG Score",44,Location: United States of America,"Industry: TEX Textiles, Apparel & Luxury Goods",Ticker: NKE,51,37,44
Chubb Limited ESG Score,34,Location: Swiss Confederation,Industry: INS Insurance,Ticker: CB,40,21,41
Medtronic plc ESG Score,68,Location: Ireland,Industry: MTC Health Care Equipment & Supplies,Ticker: MDT,62,76,61
Starbucks Corporation ESG Score,35,Location: United States of America,Industry: REX Restaurants & Leisure Facilities,Ticker: SBUX,51,30,28
"United Parcel Service, Inc. ESG Score",33,Location: United States of America,Industry: TRA Transportation and Transportation Infrastructure,Ticker: UPS,32,29,40
"Marsh & McLennan Companies, Inc. ESG Score",34,Location: United States of America,Industry: INS Insurance,Ticker: MMC,27,33,37
"Analog Devices, Inc. ESG Score",44,Location: United States of America,Industry: SEM Semiconductors & Semiconductor Equipment,Ticker: ADI,55,38,40
The Boeing Company ESG Score,40,Location: United States of America,Industry: ARO Aerospace & Defense,Ticker: BA,57,53,14
Deere & Company ESG Score,49,Location: United States of America,Industry: IEQ Machinery and Electrical Equipment,Ticker: DE,42,45,60
"Prologis, Inc. ESG Score",67,Location: United States of America,Industry: REI Equity Real Estate Investment Trusts (REITs),Ticker: PLD,81,60,56
Intel Corporation ESG Score,60,Location: United States of America,Industry: SEM Semiconductors & Semiconductor Equipment,Ticker: INTC,61,59,60
Lam Research Corporation ESG Score,58,Location: United States of America,Industry: SEM Semiconductors & Semiconductor Equipment,Ticker: LRCX,58,47,65
The Sherwin-Williams Company ESG Score,45,Location: United States of America,Industry: CHM Chemicals,Ticker: SHW,48,40,49
The Southern Company ESG Score,45,Location: United States of America,Industry: ELC Electric Utilities,Ticker: SO,47,32,57
Dell Technologies Inc. ESG Score,46,Location: United States of America,Industry: THQ Computers & Peripherals and Office Electronics,Ticker: DELL,51,37,48
"Elevance Health, Inc. ESG Score",67,Location: United States of America,Industry: HEA Health Care Providers & Services,Ticker: ELV,65,64,70
The Cigna Group ESG Score,54,Location: United States of America,Industry: HEA Health Care Providers & Services,Ticker: CI,67,52,51
Trane Technologies plc ESG Score,72,Location: Ireland,Industry: BLD Building Products,Ticker: TT,78,73,65
"Altria Group, Inc. ESG Score",43,Location: United States of America,Industry: TOB Tobacco,Ticker: MO,48,38,43
Cintas Corporation ESG Score,39,Location: United States of America,Industry: ICS Commercial Services & Supplies,Ticker: CTAS,32,41,43
American Tower Corporation ESG Score,45,Location: United States of America,Industry: REI Equity Real Estate Investment Trusts (REITs),Ticker: AMT,49,39,46
"Regeneron Pharmaceuticals, Inc. ESG Score",63,Location: United States of America,Industry: BTC Biotechnology,Ticker: REGN,50,70,60
"Waste Management, Inc. ESG Score",60,Location: United States of America,Industry: ICS Commercial Services & Supplies,Ticker: WM,69,53,59
Parker-Hannifin Corporation ESG Score,36,Location: United States of America,Industry: IEQ Machinery and Electrical Equipment,Ticker: PH,37,29,39
"Intercontinental Exchange, Inc. ESG Score",42,Location: United States of America,Industry: FBN Diversified Financial Services and Capital Markets,Ticker: ICE,56,32,44
"Mondelez International, Inc. ESG Score",63,Location: United States of America,Industry: FOA Food Products,Ticker: MDLZ,69,62,54
KLA Corporation ESG Score,57,Location: United States of America,Industry: SEM Semiconductors & Semiconductor Equipment,Ticker: KLAC,59,51,60
"Equinix, Inc. ESG Score",60,Location: United States of America,Industry: REI Equity Real Estate Investment Trusts (REITs),Ticker: EQIX,70,46,62
Amphenol Corporation ESG Score,42,Location: United States of America,"Industry: ITC Electronic Equipment, Instruments & Components",Ticker: APH,47,29,49
"PayPal Holdings, Inc. ESG Score",61,Location: United States of America,Industry: FBN Diversified Financial Services and Capital Markets,Ticker: PYPL,79,48,63
Duke Energy Corporation ESG Score,59,Location: United States of America,Industry: ELC Electric Utilities,Ticker: DUK,61,53,62
Moody's Corporation ESG Score,70,Location: United States of America,Industry: FBN Diversified Financial Services and Capital Markets,Ticker: MCO,98,62,67
General Dynamics Corporation ESG Score,34,Location: United States of America,Industry: ARO Aerospace & Defense,Ticker: GD,33,37,34
"Synopsys, Inc. ESG Score",43,Location: United States of America,Industry: SOF Software,Ticker: SNPS,46,32,51
Welltower Inc. ESG Score,58,Location: United States of America,Industry: REI Equity Real Estate Investment Trusts (REITs),Ticker: WELL,72,47,54
"CrowdStrike Holdings, Inc. ESG Score",22,Location: United States of America,Industry: SOF Software,Ticker: CRWD,13,16,33
"The PNC Financial Services Group, Inc. ESG Score",36,Location: United States of America,Industry: BNK Banks,Ticker: PNC,37,31,40
"Airbnb, Inc. ESG Score",23,Location: United States of America,"Industry: TRT Hotels, Resorts & Cruise Lines",Ticker: ABNB,21,20,27
"Motorola Solutions, Inc. ESG Score",42,Location: United States of America,Industry: CMT Communications Equipment,Ticker: MSI,36,38,53
Aon plc ESG Score,41,Location: Ireland,Industry: INS Insurance,Ticker: AON,48,40,40
"Chipotle Mexican Grill, Inc. ESG Score",30,Location: United States of America,Industry: REX Restaurants & Leisure Facilities,Ticker: CMG,44,25,24
"Cadence Design Systems, Inc. ESG Score",48,Location: United States of America,Industry: SOF Software,Ticker: CDNS,64,37,49
CME Group Inc. ESG Score,40,Location: United States of America,Industry: FBN Diversified Financial Services and Capital Markets,Ticker: CME,22,41,44
Illinois Tool Works Inc. ESG Score,37,Location: United States of America,Industry: IEQ Machinery and Electrical Equipment,Ticker: ITW,40,30,40
"Marriott International, Inc. ESG Score",46,Location: United States of America,"Industry: TRT Hotels, Resorts & Cruise Lines",Ticker: MAR,56,40,45
U.S. Bancorp ESG Score,40,Location: United States of America,Industry: BNK Banks,Ticker: USB,38,33,45
Zoetis Inc. ESG Score,46,Location: United States of America,Industry: DRG Pharmaceuticals,Ticker: ZTS,36,43,52
McKesson Corporation ESG Score,38,Location: United States of America,Industry: HEA Health Care Providers & Services,Ticker: MCK,45,43,32
Northrop Grumman Corporation ESG Score,50,Location: United States of America,Industry: ARO Aerospace & Defense,Ticker: NOC,44,52,54
TransDigm Group Incorporated ESG Score,27,Location: United States of America,Industry: ARO Aerospace & Defense,Ticker: TDG,25,23,32
"Fortinet, Inc. ESG Score",52,Location: United States of America,Industry: SOF Software,Ticker: FTNT,58,38,62
"EOG Resources, Inc. ESG Score",41,Location: United States of America,Industry: OGX Oil & Gas Upstream & Integrated,Ticker: EOG,38,37,48
Colgate-Palmolive Company ESG Score,58,Location: United States of America,Industry: HOU Household Products,Ticker: CL,74,50,53
Emerson Electric Co. ESG Score,45,Location: United States of America,Industry: ELQ Electrical Components & Equipment,Ticker: EMR,51,39,43
Target Corporation ESG Score,54,Location: United States of America,Industry: FDR Food & Staples Retailing,Ticker: TGT,63,43,55
"O'Reilly Automotive, Inc. ESG Score",25,Location: United States of America,Industry: RTS Retailing,Ticker: ORLY,21,22,30
Constellation Energy Corporation ESG Score,37,Location: United States of America,Industry: ELC Electric Utilities,Ticker: CEG,42,28,42
Capital One Financial Corporation ESG Score,37,Location: United States of America,Industry: FBN Diversified Financial Services and Capital Markets,Ticker: COF,33,25,46
3M Company ESG Score,38,Location: United States of America,Industry: IDD Industrial Conglomerates,Ticker: MMM,29,47,38
Ecolab Inc. ESG Score,71,Location: United States of America,Industry: CHM Chemicals,Ticker: ECL,76,69,68
FedEx Corporation ESG Score,32,Location: United States of America,Industry: TRA Transportation and Transportation Infrastructure,Ticker: FDX,42,28,27
CSX Corporation ESG Score,53,Location: United States of America,Industry: TRA Transportation and Transportation Infrastructure,Ticker: CSX,56,44,62
"The Williams Companies, Inc. ESG Score",71,Location: United States of America,Industry: PIP Oil & Gas Storage & Transportation,Ticker: WMB,72,69,70
"Air Products and Chemicals, Inc. ESG Score",64,Location: United States of America,Industry: CHM Chemicals,Ticker: APD,68,66,55
CVS Health Corporation ESG Score,55,Location: United States of America,Industry: HEA Health Care Providers & Services,Ticker: CVS,69,59,45
Carrier Global Corporation ESG Score,37,Location: United States of America,Industry: BLD Building Products,Ticker: CARR,37,38,34
"Simon Property Group, Inc. ESG Score",42,Location: United States of America,Industry: REI Equity Real Estate Investment Trusts (REITs),Ticker: SPG,55,28,41
"Becton, Dickinson and Company ESG Score",54,Location: United States of America,Industry: MTC Health Care Equipment & Supplies,Ticker: BDX,58,50,58
"Autodesk, Inc. ESG Score",57,Location: United States of America,Industry: SOF Software,Ticker: ADSK,62,47,63
"Republic Services, Inc. ESG Score",64,Location: United States of America,Industry: ICS Commercial Services & Supplies,Ticker: RSG,61,67,63
Arthur J. Gallagher & Co. ESG Score,34,Location: United States of America,Industry: INS Insurance,Ticker: AJG,23,27,42
Royal Caribbean Cruises Ltd. ESG Score,52,Location: United States of America,"Industry: TRT Hotels, Resorts & Cruise Lines",Ticker: RCL,65,44,50
General Motors Company ESG Score,50,Location: United States of America,Industry: AUT Automobiles,Ticker: GM,53,51,46
"ONEOK, Inc. ESG Score",60,Location: United States of America,Industry: PIP Oil & Gas Storage & Transportation,Ticker: OKE,60,59,60
Freeport-McMoRan Inc. ESG Score,69,Location: United States of America,Industry: MNX Metals & Mining,Ticker: FCX,67,69,69
Schlumberger Limited ESG Score,62,Location: United States of America,Industry: OIE Energy Equipment & Services,Ticker: SLB,77,52,55
Truist Financial Corporation ESG Score,41,Location: United States of America,Industry: BNK Banks,Ticker: TFC,32,31,51
Aflac Incorporated ESG Score,45,Location: United States of America,Industry: INS Insurance,Ticker: AFL,42,36,51
PACCAR Inc ESG Score,39,Location: United States of America,Industry: IEQ Machinery and Electrical Equipment,Ticker: PCAR,47,32,37
"Digital Realty Trust, Inc. ESG Score",65,Location: United States of America,Industry: REI Equity Real Estate Investment Trusts (REITs),Ticker: DLR,83,49,59
Hilton Worldwide Holdings Inc. ESG Score,59,Location: United States of America,"Industry: TRT Hotels, Resorts & Cruise Lines",Ticker: HLT,69,59,52
"Roper Technologies, Inc. ESG Score",40,Location: United States of America,Industry: SOF Software,Ticker: ROP,37,35,47
Norfolk Southern Corporation ESG Score,46,Location: United States of America,Industry: TRA Transportation and Transportation Infrastructure,Ticker: NSC,53,36,54
"Kinder Morgan, Inc. ESG Score",55,Location: United States of America,Industry: PIP Oil & Gas Storage & Transportation,Ticker: KMI,60,60,46
"W.W. Grainger, Inc. ESG Score",50,Location: United States of America,Industry: TCD Trading Companies & Distributors,Ticker: GWW,60,49,45
"The Travelers Companies, Inc. ESG Score",32,Location: United States of America,Industry: INS Insurance,Ticker: TRV,28,26,37
Sempra ESG Score,56,Location: United States of America,Industry: MUW Multi and Water Utilities,Ticker: SRE,50,62,58
Public Storage ESG Score,39,Location: United States of America,Industry: REI Equity Real Estate Investment Trusts (REITs),Ticker: PSA,40,31,45
Fair Isaac Corporation ESG Score,26,Location: United States of America,Industry: SOF Software,Ticker: FICO,14,20,39
NXP Semiconductors N.V. ESG Score,49,Location: Kingdom of the Netherlands,Industry: SEM Semiconductors & Semiconductor Equipment,Ticker: NXPI,50,43,51
"United Rentals, Inc. ESG Score",39,Location: United States of America,Industry: TCD Trading Companies & Distributors,Ticker: URI,49,31,43
"MetLife, Inc. ESG Score",53,Location: United States of America,Industry: INS Insurance,Ticker: MET,68,45,54
Johnson Controls International plc ESG Score,54,Location: Ireland,Industry: BLD Building Products,Ticker: JCI,50,63,49
The Bank of New York Mellon Corporation ESG Score,52,Location: United States of America,Industry: FBN Diversified Financial Services and Capital Markets,Ticker: BK,48,44,59
"Charter Communications, Inc. ESG Score",29,Location: United States of America,"Industry: PUB Media, Movies & Entertainment",Ticker: CHTR,26,26,34
PG&E Corporation,N/A,N/A,N/A,N/A,N/A,N/A,N/A
"Copart, Inc. ESG Score",24,Location: United States of America,Industry: ICS Commercial Services & Supplies,Ticker: CPRT,23,20,28
Monster Beverage Corporation ESG Score,30,Location: United States of America,Industry: BVG Beverages,Ticker: MNST,30,27,34
"Ameriprise Financial, Inc. ESG Score",34,Location: United States of America,Industry: FBN Diversified Financial Services and Capital Markets,Ticker: AMP,27,28,40
"AutoZone, Inc. ESG Score",33,Location: United States of America,Industry: RTS Retailing,Ticker: AZO,29,28,40
"Paychex, Inc. ESG Score",37,Location: United States of America,Industry: PRO Professional Services,Ticker: PAYX,46,30,42
Phillips 66 ESG Score,43,Location: United States of America,Industry: OGR Oil & Gas Refining & Marketing,Ticker: PSX,33,40,55
"Diamondback Energy, Inc. ESG Score",45,Location: United States of America,Industry: OGX Oil & Gas Upstream & Integrated,Ticker: FANG,41,39,56
The Allstate Corporation ESG Score,57,Location: United States of America,Industry: INS Insurance,Ticker: ALL,65,58,54
"D.R. Horton, Inc. ESG Score",47,Location: United States of America,Industry: HOM Homebuilding,Ticker: DHI,48,39,53
Realty Income Corporation ESG Score,37,Location: United States of America,Industry: REI Equity Real Estate Investment Trusts (REITs),Ticker: O,43,30,37
Marathon Petroleum Corporation ESG Score,51,Location: United States of America,Industry: OGR Oil & Gas Refining & Marketing,Ticker: MPC,59,47,46
"L3Harris Technologies, Inc. ESG Score",54,Location: United States of America,Industry: ARO Aerospace & Defense,Ticker: LHX,45,55,60
"American Electric Power Company, Inc. ESG Score",40,Location: United States of America,Industry: ELC Electric Utilities,Ticker: AEP,36,38,50
"Cencora, Inc. ESG Score",48,Location: United States of America,Industry: HEA Health Care Providers & Services,Ticker: COR,46,48,48
Cummins Inc. ESG Score,51,Location: United States of America,Industry: IEQ Machinery and Electrical Equipment,Ticker: CMI,54,47,49
Vistra Corp. ESG Score,54,Location: United States of America,Industry: ELC Electric Utilities,Ticker: VST,57,43,59
"Old Dominion Freight Line, Inc. ESG Score",30,Location: United States of America,Industry: TRA Transportation and Transportation Infrastructure,Ticker: ODFL,25,28,40
"Dominion Energy, Inc. ESG Score",38,Location: United States of America,Industry: MUW Multi and Water Utilities,Ticker: D,36,39,40
Fastenal Company ESG Score,32,Location: United States of America,Industry: TCD Trading Companies & Distributors,Ticker: FAST,35,28,34
Newmont Corporation ESG Score,78,Location: United States of America,Industry: MNX Metals & Mining,Ticker: NEM,69,82,84
MSCI Inc. ESG Score,51,Location: United States of America,Industry: FBN Diversified Financial Services and Capital Markets,Ticker: MSCI,88,35,49
"Fidelity National Information Services, Inc. ESG Score",49,Location: United States of America,Industry: FBN Diversified Financial Services and Capital Markets,Ticker: FIS,50,42,53
Occidental Petroleum Corporation ESG Score,42,Location: United States of America,Industry: OGX Oil & Gas Upstream & Integrated,Ticker: OXY,47,31,43
"American International Group, Inc. ESG Score",41,Location: United States of America,Industry: INS Insurance,Ticker: AIG,38,32,49
"Ross Stores, Inc. ESG Score",29,Location: United States of America,Industry: RTS Retailing,Ticker: ROST,33,21,35
Howmet Aerospace Inc. ESG Score,51,Location: United States of America,Industry: ARO Aerospace & Defense,Ticker: HWM,53,50,51
TE Connectivity plc ESG Score,55,Location: Ireland,"Industry: ITC Electronic Equipment, Instruments & Components",Ticker: TEL,54,54,59
"Nasdaq, Inc. ESG Score",66,Location: United States of America,Industry: FBN Diversified Financial Services and Capital Markets,Ticker: NDAQ,91,56,64
"Axon Enterprise, Inc. ESG Score",22,Location: United States of America,Industry: ARO Aerospace & Defense,Ticker: AXON,11,19,32
Kenvue Inc. ESG Score,25,Location: United States of America,Industry: COS Personal Products,Ticker: KVUE,17,24,31
Keurig Dr Pepper Inc. ESG Score,51,Location: United States of America,Industry: BVG Beverages,Ticker: KDP,63,41,49
"AMETEK, Inc. ESG Score",44,Location: United States of America,Industry: ELQ Electrical Components & Equipment,Ticker: AME,39,47,46
Lennar Corporation ESG Score,25,Location: United States of America,Industry: HOM Homebuilding,Ticker: LEN,22,20,32
"Prudential Financial, Inc. ESG Score",40,Location: United States of America,Industry: INS Insurance,Ticker: PRU,40,36,43
Discover Financial Services ESG Score,36,Location: United States of America,Industry: FBN Diversified Financial Services and Capital Markets,Ticker: DFS,24,33,41
Crown Castle Inc. ESG Score,39,Location: United States of America,Industry: REI Equity Real Estate Investment Trusts (REITs),Ticker: CCI,38,35,46
Ford Motor Company ESG Score,38,Location: United States of America,Industry: AUT Automobiles,Ticker: F,49,30,34
Kimberly-Clark Corporation ESG Score,40,Location: United States of America,Industry: HOU Household Products,Ticker: KMB,49,35,36
Hess Corporation ESG Score,60,Location: United States of America,Industry: OGX Oil & Gas Upstream & Integrated,Ticker: HES,56,58,65
Valero Energy Corporation ESG Score,46,Location: United States of America,Industry: OGR Oil & Gas Refining & Marketing,Ticker: VLO,51,40,45
"Constellation Brands, Inc. ESG Score",37,Location: United States of America,Industry: BVG Beverages,Ticker: STZ,41,37,33
Baker Hughes Company ESG Score,59,Location: United States of America,Industry: OIE Energy Equipment & Services,Ticker: BKR,74,46,57
Public Service Enterprise Group Incorporated ESG Score,54,Location: United States of America,Industry: MUW Multi and Water Utilities,Ticker: PEG,56,48,55
The Kroger Co. ESG Score,45,Location: United States of America,Industry: FDR Food & Staples Retailing,Ticker: KR,58,33,43
Electronic Arts Inc. ESG Score,33,Location: United States of America,"Industry: IMS Interactive Media, Services & Home Entertainment",Ticker: EA,30,25,44
"Gartner, Inc. ESG Score",46,Location: United States of America,Industry: TSV IT services,Ticker: IT,48,39,52
Targa Resources Corp. ESG Score,40,Location: United States of America,Industry: PIP Oil & Gas Storage & Transportation,Ticker: TRGP,37,39,42
Corning Incorporated ESG Score,48,Location: United States of America,"Industry: ITC Electronic Equipment, Instruments & Components",Ticker: GLW,44,52,47
"Delta Air Lines, Inc. ESG Score",35,Location: United States of America,Industry: AIR Airlines,Ticker: DAL,40,36,28
Garmin Ltd. ESG Score,27,Location: Swiss Confederation,Industry: LEG Leisure Equipment & Products and Consumer Electronics,Ticker: GRMN,22,30,29
"Verisk Analytics, Inc. ESG Score",53,Location: United States of America,Industry: PRO Professional Services,Ticker: VRSK,59,46,58
Cognizant Technology Solutions Corporation ESG Score,48,Location: United States of America,Industry: TSV IT services,Ticker: CTSH,63,31,54
Otis Worldwide Corporation ESG Score,44,Location: United States of America,Industry: IEQ Machinery and Electrical Equipment,Ticker: OTIS,44,41,47
Lululemon Athletica Inc. ESG Score,34,Location: Canada,"Industry: TEX Textiles, Apparel & Luxury Goods",Ticker: LULU,40,23,41
Xcel Energy Inc. ESG Score,43,Location: United States of America,Industry: ELC Electric Utilities,Ticker: XEL,40,38,52
"Corteva, Inc. ESG Score",41,Location: United States of America,Industry: CHM Chemicals,Ticker: CTVA,32,45,49
Edwards Lifesciences Corporation ESG Score,65,Location: United States of America,Industry: MTC Health Care Equipment & Supplies,Ticker: EW,60,69,61
GE HealthCare Technologies Inc. ESG Score,39,Location: United States of America,Industry: MTC Health Care Equipment & Supplies,Ticker: GEHC,34,35,44
IQVIA Holdings Inc. ESG Score,42,Location: United States of America,Industry: LIF Life Sciences Tools & Services,Ticker: IQV,37,41,45
The Kraft Heinz Company ESG Score,59,Location: United States of America,Industry: FOA Food Products,Ticker: KHC,67,52,57
"Agilent Technologies, Inc. ESG Score",61,Location: United States of America,Industry: LIF Life Sciences Tools & Services,Ticker: A,61,61,61
Exelon Corporation ESG Score,58,Location: United States of America,Industry: ELC Electric Utilities,Ticker: EXC,69,45,55
Vulcan Materials Company ESG Score,37,Location: United States of America,Industry: COM Construction Materials,Ticker: VMC,37,35,41
Arch Capital Group Ltd. ESG Score,34,Location: Bermuda,Industry: INS Insurance,Ticker: ACGL,27,26,43
Sysco Corporation ESG Score,39,Location: United States of America,Industry: FDR Food & Staples Retailing,Ticker: SYY,42,37,38
"Yum! Brands, Inc. ESG Score",54,Location: United States of America,Industry: REX Restaurants & Leisure Facilities,Ticker: YUM,57,48,58
"Martin Marietta Materials, Inc. ESG Score",33,Location: United States of America,Industry: COM Construction Materials,Ticker: MLM,34,24,41
The Hershey Company ESG Score,60,Location: United States of America,Industry: FOA Food Products,Ticker: HSY,52,69,62
ResMed Inc. ESG Score,49,Location: United States of America,Industry: MTC Health Care Equipment & Supplies,Ticker: RMD,38,50,54
Microchip Technology Incorporated ESG Score,40,Location: United States of America,Industry: SEM Semiconductors & Semiconductor Equipment,Ticker: MCHP,43,35,41
Nucor Corporation ESG Score,40,Location: United States of America,Industry: STL Steel,Ticker: NUE,45,32,41
Extra Space Storage Inc. ESG Score,49,Location: United States of America,Industry: REI Equity Real Estate Investment Trusts (REITs),Ticker: EXR,55,48,43
HP Inc. ESG Score,77,Location: United States of America,Industry: THQ Computers & Peripherals and Office Electronics,Ticker: HPQ,78,80,72
Las Vegas Sands Corp. ESG Score,67,Location: United States of America,Industry: CNO Casinos & Gaming,Ticker: LVS,85,62,64
"General Mills, Inc. ESG Score",61,Location: United States of America,Industry: FOA Food Products,Ticker: GIS,68,60,55
M&T Bank Corporation ESG Score,43,Location: United States of America,Industry: BNK Banks,Ticker: MTB,20,38,54
"IDEXX Laboratories, Inc. ESG Score",38,Location: United States of America,Industry: MTC Health Care Equipment & Supplies,Ticker: IDXX,35,35,44
"DuPont de Nemours, Inc. ESG Score",32,Location: United States of America,Industry: CHM Chemicals,Ticker: DD,29,38,29
Westinghouse Air Brake Technologies Corporation ESG Score,40,Location: United States of America,Industry: IEQ Machinery and Electrical Equipment,Ticker: WAB,40,33,45
"The Hartford Financial Services Group, Inc. ESG Score",46,Location: United States of America,Industry: INS Insurance,Ticker: HIG,45,34,55
Humana Inc. ESG Score,60,Location: United States of America,Industry: HEA Health Care Providers & Services,Ticker: HUM,60,63,57
"Consolidated Edison, Inc. ESG Score",42,Location: United States of America,Industry: MUW Multi and Water Utilities,Ticker: ED,44,34,46
Iron Mountain Incorporated ESG Score,54,Location: United States of America,Industry: REI Equity Real Estate Investment Trusts (REITs),Ticker: IRM,58,46,57
Equifax Inc. ESG Score,40,Location: United States of America,Industry: PRO Professional Services,Ticker: EFX,35,36,46
Carnival Corporation & plc ESG Score,40,Location: United States of America,"Industry: TRT Hotels, Resorts & Cruise Lines",Ticker: CCL,33,41,46
"Raymond James Financial, Inc. ESG Score",36,Location: United States of America,Industry: FBN Diversified Financial Services and Capital Markets,Ticker: RJF,21,33,42
VICI Properties Inc. ESG Score,37,Location: United States of America,Industry: REI Equity Real Estate Investment Trusts (REITs),Ticker: VICI,41,21,48
"AvalonBay Communities, Inc. ESG Score",46,Location: United States of America,Industry: REI Equity Real Estate Investment Trusts (REITs),Ticker: AVB,54,38,46
"Brown & Brown, Inc. ESG Score",26,Location: United States of America,Industry: INS Insurance,Ticker: BRO,5,22,37
Edison International ESG Score,37,Location: United States of America,Industry: ELC Electric Utilities,Ticker: EIX,33,33,47
Entergy Corporation ESG Score,49,Location: United States of America,Industry: ELC Electric Utilities,Ticker: ETR,49,41,58
Willis Towers Watson Public Limited Company ESG Score,40,Location: United Kingdom of Great Britain and Northern Ireland,Industry: INS Insurance,Ticker: WTW,41,33,44
"Take-Two Interactive Software, Inc. ESG Score",36,Location: United States of America,"Industry: IMS Interactive Media, Services & Home Entertainment",Ticker: TTWO,43,26,41
Fifth Third Bancorp ESG Score,53,Location: United States of America,Industry: BNK Banks,Ticker: FITB,53,49,55
Dow Inc. ESG Score,78,Location: United States of America,Industry: CHM Chemicals,Ticker: DOW,83,78,72
"Rockwell Automation, Inc. ESG Score",40,Location: United States of America,Industry: ELQ Electrical Components & Equipment,Ticker: ROK,41,40,40
"Monolithic Power Systems, Inc. ESG Score",35,Location: United States of America,Industry: SEM Semiconductors & Semiconductor Equipment,Ticker: MPWR,34,34,36
"WEC Energy Group, Inc. ESG Score",48,Location: United States of America,Industry: MUW Multi and Water Utilities,Ticker: WEC,47,44,51
"CoStar Group, Inc. ESG Score",31,Location: United States of America,Industry: REM Real Estate Management & Development,Ticker: CSGP,27,26,42
Xylem Inc. ESG Score,50,Location: United States of America,Industry: IEQ Machinery and Electrical Equipment,Ticker: XYL,45,51,55
"ANSYS, Inc. ESG Score",45,Location: United States of America,Industry: SOF Software,Ticker: ANSS,48,36,51
"Live Nation Entertainment, Inc. ESG Score",18,Location: United States of America,"Industry: PUB Media, Movies & Entertainment",Ticker: LYV,10,15,27
ON Semiconductor Corporation ESG Score,57,Location: United States of America,Industry: SEM Semiconductors & Semiconductor Equipment,Ticker: ON,51,56,64
"Cardinal Health, Inc. ESG Score",52,Location: United States of America,Industry: HEA Health Care Providers & Services,Ticker: CAH,71,50,50
Tractor Supply Company ESG Score,38,Location: United States of America,Industry: RTS Retailing,Ticker: TSCO,39,29,46
Global Payments Inc. ESG Score,35,Location: United States of America,Industry: FBN Diversified Financial Services and Capital Markets,Ticker: GPN,30,29,40
Centene Corporation ESG Score,61,Location: United States of America,Industry: HEA Health Care Providers & Services,Ticker: CNC,48,63,63
eBay Inc. ESG Score,56,Location: United States of America,Industry: RTS Retailing,Ticker: EBAY,80,42,50
"United Airlines Holdings, Inc. ESG Score",38,Location: United States of America,Industry: AIR Airlines,Ticker: UAL,42,34,39
"DexCom, Inc. ESG Score",43,Location: United States of America,Industry: MTC Health Care Equipment & Supplies,Ticker: DXCM,31,44,47
Equity Residential ESG Score,70,Location: United States of America,Industry: REI Equity Real Estate Investment Trusts (REITs),Ticker: EQR,78,60,72
"PPG Industries, Inc. ESG Score",47,Location: United States of America,Industry: CHM Chemicals,Ticker: PPG,55,35,51
Hewlett Packard Enterprise Company ESG Score,68,Location: United States of America,Industry: THQ Computers & Peripherals and Office Electronics,Ticker: HPE,69,67,68
"Keysight Technologies, Inc. ESG Score",49,Location: United States of America,"Industry: ITC Electronic Equipment, Instruments & Components",Ticker: KEYS,43,49,57
Kellanova ESG Score,56,Location: United States of America,Industry: FOA Food Products,Ticker: K,59,63,46
"NVR, Inc. ESG Score",22,Location: United States of America,Industry: HOM Homebuilding,Ticker: NVR,19,14,33
State Street Corporation ESG Score,52,Location: United States of America,Industry: FBN Diversified Financial Services and Capital Markets,Ticker: STT,53,45,55
Dover Corporation ESG Score,39,Location: United States of America,Industry: IEQ Machinery and Electrical Equipment,Ticker: DOV,42,32,41
LyondellBasell Industries N.V. ESG Score,60,Location: United States of America,Industry: CHM Chemicals,Ticker: LYB,63,48,71
"Ventas, Inc. ESG Score",47,Location: United States of America,Industry: REI Equity Real Estate Investment Trusts (REITs),Ticker: VTR,48,42,52
Deckers Outdoor Corporation ESG Score,41,Location: United States of America,"Industry: TEX Textiles, Apparel & Luxury Goods",Ticker: DECK,42,34,49
"Leidos Holdings, Inc. ESG Score",43,Location: United States of America,Industry: PRO Professional Services,Ticker: LDOS,50,36,49
Mettler-Toledo International Inc. ESG Score,55,Location: United States of America,Industry: LIF Life Sciences Tools & Services,Ticker: MTD,68,48,56
Halliburton Company ESG Score,60,Location: United States of America,Industry: OIE Energy Equipment & Services,Ticker: HAL,51,65,66
"Broadridge Financial Solutions, Inc. ESG Score",48,Location: United States of America,Industry: PRO Professional Services,Ticker: BR,48,40,57
"Tyler Technologies, Inc. ESG Score",45,Location: United States of America,Industry: SOF Software,Ticker: TYL,38,45,50
"Church & Dwight Co., Inc. ESG Score",42,Location: United States of America,Industry: HOU Household Products,Ticker: CHD,47,38,43
"PulteGroup, Inc. ESG Score",38,Location: United States of America,Industry: HOM Homebuilding,Ticker: PHM,41,27,44
Smurfit Westrock Plc ESG Score,53,Location: Ireland,Industry: CTR Containers & Packaging,Ticker: SW,61,45,54
GoDaddy Inc. ESG Score,43,Location: United States of America,Industry: TSV IT services,Ticker: GDDY,36,38,52
"T. Rowe Price Group, Inc. ESG Score",42,Location: United States of America,Industry: FBN Diversified Financial Services and Capital Markets,Ticker: TROW,47,36,45
EQT Corporation ESG Score,44,Location: United States of America,Industry: OGX Oil & Gas Upstream & Integrated,Ticker: EQT,49,30,50
"Corpay, Inc. ESG Score",26,Location: United States of America,Industry: FBN Diversified Financial Services and Capital Markets,Ticker: CPAY,12,16,37
Fortive Corporation ESG Score,38,Location: United States of America,Industry: IEQ Machinery and Electrical Equipment,Ticker: FTV,35,34,46
"American Water Works Company, Inc. ESG Score",48,Location: United States of America,Industry: MUW Multi and Water Utilities,Ticker: AWK,40,56,52
Huntington Bancshares Incorporated ESG Score,48,Location: United States of America,Industry: BNK Banks,Ticker: HBAN,51,45,49
CDW Corporation ESG Score,30,Location: United States of America,"Industry: ITC Electronic Equipment, Instruments & Components",Ticker: CDW,27,29,36
Synchrony Financial ESG Score,40,Location: United States of America,Industry: FBN Diversified Financial Services and Capital Markets,Ticker: SYF,21,38,48
Devon Energy Corporation ESG Score,50,Location: United States of America,Industry: OGX Oil & Gas Upstream & Integrated,Ticker: DVN,46,42,61
DTE Energy Company ESG Score,35,Location: United States of America,Industry: MUW Multi and Water Utilities,Ticker: DTE,36,24,44
"NetApp, Inc. ESG Score",48,Location: United States of America,Industry: THQ Computers & Peripherals and Office Electronics,Ticker: NTAP,57,38,48
"Rollins, Inc. ESG Score",19,Location: United States of America,Industry: ICS Commercial Services & Supplies,Ticker: ROL,10,14,29
Archer-Daniels-Midland Company ESG Score,43,Location: United States of America,Industry: FOA Food Products,Ticker: ADM,50,37,39
Ameren Corporation ESG Score,35,Location: United States of America,Industry: MUW Multi and Water Utilities,Ticker: AEE,32,36,41
PPL Corporation ESG Score,40,Location: United States of America,Industry: ELC Electric Utilities,Ticker: PPL,43,31,47
Biogen Inc. ESG Score,69,Location: United States of America,Industry: BTC Biotechnology,Ticker: BIIB,47,77,67
Hubbell Incorporated ESG Score,54,Location: United States of America,Industry: ELQ Electrical Components & Equipment,Ticker: HUBB,41,57,66
FirstEnergy Corp. ESG Score,36,Location: United States of America,Industry: ELC Electric Utilities,Ticker: FE,39,32,37
Regions Financial Corporation ESG Score,47,Location: United States of America,Industry: BNK Banks,Ticker: RF,42,44,51
"West Pharmaceutical Services, Inc. ESG Score",36,Location: United States of America,Industry: LIF Life Sciences Tools & Services,Ticker: WST,40,28,41
Cincinnati Financial Corporation ESG Score,24,Location: United States of America,Industry: INS Insurance,Ticker: CINF,15,19,30
SBA Communications Corporation ESG Score,54,Location: United States of America,Industry: REI Equity Real Estate Investment Trusts (REITs),Ticker: SBAC,46,60,56
"Expedia Group, Inc. ESG Score",37,Location: United States of America,"Industry: TRT Hotels, Resorts & Cruise Lines",Ticker: EXPE,39,33,41
PTC Inc. ESG Score,42,Location: United States of America,Industry: SOF Software,Ticker: PTC,30,41,51
W. R. Berkley Corporation ESG Score,26,Location: United States of America,Industry: INS Insurance,Ticker: WRB,23,21,31
Waters Corporation ESG Score,61,Location: United States of America,Industry: LIF Life Sciences Tools & Services,Ticker: WAT,65,69,50
International Flavors & Fragrances Inc. ESG Score,68,Location: United States of America,Industry: CHM Chemicals,Ticker: IFF,71,71,60
Atmos Energy Corporation ESG Score,25,Location: United States of America,Industry: GAS Gas Utilities,Ticker: ATO,25,14,36
Teledyne Technologies Incorporated ESG Score,34,Location: United States of America,"Industry: ITC Electronic Equipment, Instruments & Components",Ticker: TDY,32,30,39
"Warner Bros. Discovery, Inc. ESG Score",35,Location: United States of America,"Industry: PUB Media, Movies & Entertainment",Ticker: WBD,22,34,42
The Est√©e Lauder Companies Inc. ESG Score,50,Location: United States of America,Industry: COS Personal Products,Ticker: EL,57,45,50
"Tyson Foods, Inc. ESG Score",38,Location: United States of America,Industry: FOA Food Products,Ticker: TSN,39,51,24
Weyerhaeuser Company ESG Score,64,Location: United States of America,Industry: REI Equity Real Estate Investment Trusts (REITs),Ticker: WY,66,58,69
Eversource Energy ESG Score,43,Location: United States of America,Industry: ELC Electric Utilities,Ticker: ES,48,31,49
Western Digital Corporation ESG Score,53,Location: United States of America,Industry: THQ Computers & Peripherals and Office Electronics,Ticker: WDC,60,47,53
STERIS plc ESG Score,38,Location: United States of America,Industry: MTC Health Care Equipment & Supplies,Ticker: STE,31,39,38
"Steel Dynamics, Inc. ESG Score",37,Location: United States of America,Industry: STL Steel,Ticker: STLD,37,36,39
"Zimmer Biomet Holdings, Inc. ESG Score",38,Location: United States of America,Industry: MTC Health Care Equipment & Supplies,Ticker: ZBH,29,39,39
Erie Indemnity Company ESG Score,23,Location: United States of America,Industry: INS Insurance,Ticker: ERIE,8,20,30
Packaging Corporation of America ESG Score,37,Location: United States of America,Industry: CTR Containers & Packaging,Ticker: PKG,37,36,38
Northern Trust Corporation ESG Score,43,Location: United States of America,Industry: FBN Diversified Financial Services and Capital Markets,Ticker: NTRS,52,32,47
Seagate Technology Holdings plc ESG Score,46,Location: Republic of Singapore,Industry: THQ Computers & Peripherals and Office Electronics,Ticker: STX,45,46,48
"Cboe Global Markets, Inc. ESG Score",45,Location: United States of America,Industry: FBN Diversified Financial Services and Capital Markets,Ticker: CBOE,44,43,46
Zebra Technologies Corporation ESG Score,36,Location: United States of America,"Industry: ITC Electronic Equipment, Instruments & Components",Ticker: ZBRA,36,29,42
Fox Corporation ESG Score,27,Location: United States of America,"Industry: PUB Media, Movies & Entertainment",Ticker: FOXA,22,24,34
"Builders FirstSource, Inc. ESG Score",27,Location: United States of America,Industry: BLD Building Products,Ticker: BLDR,19,27,36
"McCormick & Company, Incorporated ESG Score",50,Location: United States of America,Industry: FOA Food Products,Ticker: MKC,60,40,48
Invitation Homes Inc. ESG Score,19,Location: United States of America,Industry: REI Equity Real Estate Investment Trusts (REITs),Ticker: INVH,13,15,31
"Citizens Financial Group, Inc. ESG Score",38,Location: United States of America,Industry: BNK Banks,Ticker: CFG,37,31,43
Labcorp Holdings Inc. ESG Score,37,Location: United States of America,Industry: HEA Health Care Providers & Services,Ticker: LH,31,33,43
The Clorox Company ESG Score,45,Location: United States of America,Industry: HOU Household Products,Ticker: CLX,60,32,44
CMS Energy Corporation ESG Score,41,Location: United States of America,Industry: MUW Multi and Water Utilities,Ticker: CMS,43,32,47
"The Cooper Companies, Inc. ESG Score",35,Location: United States of America,Industry: MTC Health Care Equipment & Supplies,Ticker: COO,28,33,40
Omnicom Group Inc. ESG Score,37,Location: United States of America,"Industry: PUB Media, Movies & Entertainment",Ticker: OMC,38,29,47
"Essex Property Trust, Inc. ESG Score",38,Location: United States of America,Industry: REI Equity Real Estate Investment Trusts (REITs),Ticker: ESS,40,33,42
"Principal Financial Group, Inc. ESG Score",54,Location: United States of America,Industry: INS Insurance,Ticker: PFG,45,43,64
International Paper Company ESG Score,39,Location: United States of America,Industry: CTR Containers & Packaging,Ticker: IP,45,30,42
"CenterPoint Energy, Inc. ESG Score",38,Location: United States of America,Industry: MUW Multi and Water Utilities,Ticker: CNP,37,33,43
"Darden Restaurants, Inc. ESG Score",32,Location: United States of America,Industry: REX Restaurants & Leisure Facilities,Ticker: DRI,36,22,43
"First Solar, Inc. ESG Score",50,Location: United States of America,Industry: SEM Semiconductors & Semiconductor Equipment,Ticker: FSLR,56,43,47
"J.B. Hunt Transport Services, Inc. ESG Score",55,Location: United States of America,Industry: TRA Transportation and Transportation Infrastructure,Ticker: JBHT,56,49,62
"Best Buy Co., Inc. ESG Score",48,Location: United States of America,Industry: RTS Retailing,Ticker: BBY,52,35,57
Insulet Corporation ESG Score,34,Location: United States of America,Industry: MTC Health Care Equipment & Supplies,Ticker: PODD,34,32,37
Southwest Airlines Co. ESG Score,47,Location: United States of America,Industry: AIR Airlines,Ticker: LUV,58,47,33
"Mid-America Apartment Communities, Inc. ESG Score",30,Location: United States of America,Industry: REI Equity Real Estate Investment Trusts (REITs),Ticker: MAA,30,26,36
Brown-Forman Corporation ESG Score,31,Location: United States of America,Industry: BVG Beverages,Ticker: BF.B,37,27,30
KeyCorp ESG Score,42,Location: United States of America,Industry: BNK Banks,Ticker: KEY,47,33,46
"Alexandria Real Estate Equities, Inc. ESG Score",58,Location: United States of America,Industry: REI Equity Real Estate Investment Trusts (REITs),Ticker: ARE,68,51,52
Snap-on Incorporated ESG Score,28,Location: United States of America,Industry: IEQ Machinery and Electrical Equipment,Ticker: SNA,21,31,34
Gen Digital Inc. ESG Score,53,Location: United States of America,Industry: SOF Software,Ticker: GEN,57,44,59
"NRG Energy, Inc. ESG Score",38,Location: United States of America,Industry: ELC Electric Utilities,Ticker: NRG,44,24,46
Coterra Energy Inc. ESG Score,36,Location: United States of America,Industry: OGX Oil & Gas Upstream & Integrated,Ticker: CTRA,34,33,43
"Hologic, Inc. ESG Score",45,Location: United States of America,Industry: MTC Health Care Equipment & Supplies,Ticker: HOLX,33,48,47
FactSet Research Systems Inc. ESG Score,43,Location: United States of America,Industry: FBN Diversified Financial Services and Capital Markets,Ticker: FDS,53,43,40
Jacobs Solutions Inc. ESG Score,76,Location: United States of America,Industry: PRO Professional Services,Ticker: J,99,76,68
"Molina Healthcare, Inc. ESG Score",33,Location: United States of America,Industry: HEA Health Care Providers & Services,Ticker: MOH,16,32,39
Ball Corporation ESG Score,67,Location: United States of America,Industry: CTR Containers & Packaging,Ticker: BALL,68,67,67
Quest Diagnostics Incorporated ESG Score,50,Location: United States of America,Industry: HEA Health Care Providers & Services,Ticker: DGX,43,48,53
Loews Corporation ESG Score,18,Location: United States of America,Industry: INS Insurance,Ticker: L,6,16,23
"Ulta Beauty, Inc. ESG Score",39,Location: United States of America,Industry: RTS Retailing,Ticker: ULTA,45,27,45
Trimble Inc. ESG Score,38,Location: United States of America,"Industry: ITC Electronic Equipment, Instruments & Components",Ticker: TRMB,47,32,36
"VeriSign, Inc. ESG Score",30,Location: United States of America,Industry: TSV IT services,Ticker: VRSN,11,29,46
"Teradyne, Inc. ESG Score",37,Location: United States of America,Industry: SEM Semiconductors & Semiconductor Equipment,Ticker: TER,35,34,42
News Corporation ESG Score,37,Location: United States of America,"Industry: PUB Media, Movies & Entertainment",Ticker: NWSA,54,29,41
IDEX Corporation ESG Score,33,Location: United States of America,Industry: IEQ Machinery and Electrical Equipment,Ticker: IEX,25,30,43
Baxter International Inc. ESG Score,51,Location: United States of America,Industry: MTC Health Care Equipment & Supplies,Ticker: BAX,64,45,53
Pentair plc ESG Score,42,Location: United Kingdom of Great Britain and Northern Ireland,Industry: IEQ Machinery and Electrical Equipment,Ticker: PNR,33,43,51
Genuine Parts Company ESG Score,26,Location: United States of America,Industry: RTS Retailing,Ticker: GPC,15,27,33
Masco Corporation ESG Score,33,Location: United States of America,Industry: BLD Building Products,Ticker: MAS,34,28,38
NiSource Inc. ESG Score,58,Location: United States of America,Industry: MUW Multi and Water Utilities,Ticker: NI,61,49,63
"Moderna, Inc. ESG Score",54,Location: United States of America,Industry: BTC Biotechnology,Ticker: MRNA,26,54,64
Hormel Foods Corporation ESG Score,42,Location: United States of America,Industry: FOA Food Products,Ticker: HRL,47,38,39
Kimco Realty Corporation ESG Score,66,Location: United States of America,Industry: REI Equity Real Estate Investment Trusts (REITs),Ticker: KIM,72,62,62
"UDR, Inc. ESG Score",34,Location: United States of America,Industry: REI Equity Real Estate Investment Trusts (REITs),Ticker: UDR,34,26,44
"Expeditors International of Washington, Inc. ESG Score",30,Location: United States of America,Industry: TRA Transportation and Transportation Infrastructure,Ticker: EXPD,27,26,39
Dollar General Corporation ESG Score,31,Location: United States of America,Industry: FDR Food & Staples Retailing,Ticker: DG,25,31,38
"Align Technology, Inc. ESG Score",29,Location: United States of America,Industry: MTC Health Care Equipment & Supplies,Ticker: ALGN,21,24,37
Avery Dennison Corporation ESG Score,49,Location: United States of America,Industry: CTR Containers & Packaging,Ticker: AVY,57,44,45
Textron Inc. ESG Score,27,Location: United States of America,Industry: ARO Aerospace & Defense,Ticker: TXT,36,33,13
"Everest Group, Ltd. ESG Score",29,Location: Bermuda,Industry: INS Insurance,Ticker: EG,13,23,38
Marathon Oil Corporation ESG Score,35,Location: United States of America,Industry: OGX Oil & Gas Upstream & Integrated,Ticker: N/A,24,40,44
Incyte Corporation ESG Score,40,Location: United States of America,Industry: BTC Biotechnology,Ticker: INCY,29,44,40
Alliant Energy Corporation ESG Score,35,Location: United States of America,Industry: ELC Electric Utilities,Ticker: LNT,38,28,37
"Healthpeak Properties, Inc. ESG Score",64,Location: United States of America,Industry: REI Equity Real Estate Investment Trusts (REITs),Ticker: DOC,72,55,63
"Domino's Pizza, Inc. ESG Score",23,Location: United States of America,Industry: REX Restaurants & Leisure Facilities,Ticker: DPZ,29,17,27
Jabil Inc. ESG Score,47,Location: United States of America,"Industry: ITC Electronic Equipment, Instruments & Components",Ticker: JBL,51,42,48
Nordson Corporation ESG Score,32,Location: United States of America,Industry: IEQ Machinery and Electrical Equipment,Ticker: NDSN,26,35,36
Amcor plc ESG Score,60,Location: Swiss Confederation,Industry: CTR Containers & Packaging,Ticker: AMCR,69,49,61
"CF Industries Holdings, Inc. ESG Score",40,Location: United States of America,Industry: CHM Chemicals,Ticker: CF,29,39,56
"Revvity, Inc. ESG Score",44,Location: United States of America,Industry: LIF Life Sciences Tools & Services,Ticker: RVTY,41,45,44
"Evergy, Inc. ESG Score",48,Location: United States of America,Industry: ELC Electric Utilities,Ticker: EVRG,51,42,50
"F5, Inc. ESG Score",30,Location: United States of America,Industry: CMT Communications Equipment,Ticker: FFIV,27,24,38
"EPAM Systems, Inc. ESG Score",40,Location: United States of America,Industry: TSV IT services,Ticker: EPAM,42,31,49
"BXP, Inc. ESG Score",61,Location: United States of America,Industry: REI Equity Real Estate Investment Trusts (REITs),Ticker: BXP,79,53,46
"Skyworks Solutions, Inc. ESG Score",38,Location: United States of America,Industry: SEM Semiconductors & Semiconductor Equipment,Ticker: SWKS,39,38,38
"Akamai Technologies, Inc. ESG Score",55,Location: United States of America,Industry: TSV IT services,Ticker: AKAM,67,43,60
Pool Corporation ESG Score,26,Location: United States of America,Industry: RTS Retailing,Ticker: POOL,17,27,32
"Universal Health Services, Inc. ESG Score",22,Location: United States of America,Industry: HEA Health Care Providers & Services,Ticker: UHS,17,29,17
"Stanley Black & Decker, Inc. ESG Score",45,Location: United States of America,Industry: IEQ Machinery and Electrical Equipment,Ticker: SWK,41,35,56
Regency Centers Corporation ESG Score,50,Location: United States of America,Industry: REI Equity Real Estate Investment Trusts (REITs),Ticker: REG,67,35,45
"Dollar Tree, Inc. ESG Score",29,Location: United States of America,Industry: FDR Food & Staples Retailing,Ticker: DLTR,35,23,29
Aptiv PLC ESG Score,53,Location: Ireland,Industry: ATX Auto Components,Ticker: APTV,71,31,55
"Conagra Brands, Inc. ESG Score",44,Location: United States of America,Industry: FOA Food Products,Ticker: CAG,48,38,44
"Paycom Software, Inc. ESG Score",31,Location: United States of America,Industry: PRO Professional Services,Ticker: PAYC,16,30,38
Ralph Lauren Corporation ESG Score,50,Location: United States of America,"Industry: TEX Textiles, Apparel & Luxury Goods",Ticker: RL,57,39,54
DaVita Inc. ESG Score,64,Location: United States of America,Industry: HEA Health Care Providers & Services,Ticker: DVA,75,65,58
"Jack Henry & Associates, Inc. ESG Score",37,Location: United States of America,Industry: FBN Diversified Financial Services and Capital Markets,Ticker: JKHY,33,29,43
"C.H. Robinson Worldwide, Inc. ESG Score",42,Location: United States of America,Industry: TRA Transportation and Transportation Infrastructure,Ticker: CHRW,33,43,50
Camden Property Trust ESG Score,31,Location: United States of America,Industry: REI Equity Real Estate Investment Trusts (REITs),Ticker: CPT,34,28,31
"Juniper Networks, Inc. ESG Score",45,Location: United States of America,Industry: CMT Communications Equipment,Ticker: JNPR,46,40,50
Molson Coors Beverage Company ESG Score,43,Location: United States of America,Industry: BVG Beverages,Ticker: TAP,49,37,42
"Host Hotels & Resorts, Inc. ESG Score",72,Location: United States of America,Industry: REI Equity Real Estate Investment Trusts (REITs),Ticker: HST,76,70,69
"Super Micro Computer, Inc. ESG Score",32,Location: United States of America,Industry: THQ Computers & Peripherals and Office Electronics,Ticker: SMCI,34,29,33
Dayforce Inc. ESG Score,53,Location: United States of America,Industry: PRO Professional Services,Ticker: DAY,62,48,56
Allegion plc ESG Score,37,Location: Ireland,Industry: BLD Building Products,Ticker: ALLE,38,34,39
Norwegian Cruise Line Holdings Ltd. ESG Score,52,Location: United States of America,"Industry: TRT Hotels, Resorts & Cruise Lines",Ticker: NCLH,60,48,51
Bunge Global SA ESG Score,38,Location: United States of America,Industry: FOA Food Products,Ticker: BG,44,32,40
Albemarle Corporation ESG Score,60,Location: United States of America,Industry: CHM Chemicals,Ticker: ALB,59,65,56
"Tapestry, Inc. ESG Score",41,Location: United States of America,"Industry: TEX Textiles, Apparel & Luxury Goods",Ticker: TPR,49,28,46
The J. M. Smucker Company ESG Score,46,Location: United States of America,Industry: FOA Food Products,Ticker: SJM,45,42,51
"CarMax, Inc. ESG Score",26,Location: United States of America,Industry: RTS Retailing,Ticker: KMX,22,23,31
Bio-Techne Corporation ESG Score,29,Location: United States of America,Industry: LIF Life Sciences Tools & Services,Ticker: TECH,24,24,36
Eastman Chemical Company ESG Score,48,Location: United States of America,Industry: CHM Chemicals,Ticker: EMN,50,37,56
"Lamb Weston Holdings, Inc. ESG Score",40,Location: United States of America,Industry: FOA Food Products,Ticker: LW,37,40,45
Generac Holdings Inc. ESG Score,28,Location: United States of America,Industry: ELQ Electrical Components & Equipment,Ticker: GNRC,18,26,42
"Franklin Resources, Inc. ESG Score",33,Location: United States of America,Industry: FBN Diversified Financial Services and Capital Markets,Ticker: BEN,34,28,36
"Charles River Laboratories International, Inc. ESG Score",41,Location: United States of America,Industry: LIF Life Sciences Tools & Services,Ticker: CRL,42,39,43
MGM Resorts International ESG Score,56,Location: United States of America,Industry: CNO Casinos & Gaming,Ticker: MGM,64,48,60
"The Interpublic Group of Companies, Inc. ESG Score",58,Location: United States of America,"Industry: PUB Media, Movies & Entertainment",Ticker: IPG,59,53,64
"Assurant, Inc. ESG Score",44,Location: United States of America,Industry: INS Insurance,Ticker: AIZ,44,39,47
"Catalent, Inc. ESG Score",48,Location: United States of America,Industry: DRG Pharmaceuticals,Ticker: CTLT,57,42,51
A. O. Smith Corporation ESG Score,27,Location: United States of America,Industry: BLD Building Products,Ticker: AOS,23,21,38
Pinnacle West Capital Corporation ESG Score,41,Location: United States of America,Industry: ELC Electric Utilities,Ticker: PNW,42,36,44
MarketAxess Holdings Inc. ESG Score,43,Location: United States of America,Industry: FBN Diversified Financial Services and Capital Markets,Ticker: MKTX,43,32,51
LKQ Corporation ESG Score,33,Location: United States of America,Industry: RTS Retailing,Ticker: LKQ,27,31,40
Federal Realty Investment Trust ESG Score,59,Location: United States of America,Industry: REI Equity Real Estate Investment Trusts (REITs),Ticker: FRT,72,46,55
The AES Corporation ESG Score,69,Location: United States of America,Industry: ELC Electric Utilities,Ticker: AES,75,60,71
"Wynn Resorts, Limited ESG Score",27,Location: United States of America,Industry: CNO Casinos & Gaming,Ticker: WYNN,23,33,23
Globe Life Inc. ESG Score,26,Location: United States of America,Industry: INS Insurance,Ticker: GL,26,31,22
Teleflex Incorporated ESG Score,43,Location: United States of America,Industry: MTC Health Care Equipment & Supplies,Ticker: TFX,36,45,44
"Mohawk Industries, Inc. ESG Score",41,Location: United States of America,Industry: DHP Household Durables,Ticker: MHK,56,27,42
"Hasbro, Inc. ESG Score",42,Location: United States of America,Industry: LEG Leisure Equipment & Products and Consumer Electronics,Ticker: HAS,40,43,41
"Henry Schein, Inc. ESG Score",39,Location: United States of America,Industry: HEA Health Care Providers & Services,Ticker: HSIC,40,38,41
"Caesars Entertainment, Inc. ESG Score",50,Location: United States of America,Industry: CNO Casinos & Gaming,Ticker: CZR,62,41,54
Celanese Corporation ESG Score,51,Location: United States of America,Industry: CHM Chemicals,Ticker: CE,54,43,56
The Mosaic Company ESG Score,47,Location: United States of America,Industry: CHM Chemicals,Ticker: MOS,51,46,44
"Enphase Energy, Inc. ESG Score",33,Location: United States of America,Industry: SEM Semiconductors & Semiconductor Equipment,Ticker: ENPH,36,32,31
APA Corporation ESG Score,45,Location: United States of America,Industry: OGX Oil & Gas Upstream & Integrated,Ticker: APA,34,49,54
Paramount Global ESG Score,44,Location: United States of America,"Industry: PUB Media, Movies & Entertainment",Ticker: PARA,43,45,44
"Huntington Ingalls Industries, Inc. ESG Score",30,Location: United States of America,Industry: ARO Aerospace & Defense,Ticker: HII,19,27,41
Invesco Ltd. ESG Score,37,Location: United States of America,Industry: FBN Diversified Financial Services and Capital Markets,Ticker: IVZ,51,36,34
"Match Group, Inc. ESG Score",33,Location: United States of America,"Industry: IMS Interactive Media, Services & Home Entertainment",Ticker: MTCH,27,30,40
"Walgreens Boots Alliance, Inc. ESG Score",52,Location: United States of America,Industry: FDR Food & Staples Retailing,Ticker: WBA,57,58,38
BorgWarner Inc. ESG Score,49,Location: United States of America,Industry: ATX Auto Components,Ticker: BWA,52,49,45
FMC Corporation ESG Score,58,Location: United States of America,Industry: CHM Chemicals,Ticker: FMC,63,56,55
"Qorvo, Inc. ESG Score",39,Location: United States of America,Industry: SEM Semiconductors & Semiconductor Equipment,Ticker: QRVO,41,34,40
